,Apple Inc.,Redfin Corp,"Amazon.com, Inc.",Netflix Inc,,,,,,,,
,1,1,1,1,1,1,1,1,#DIV/0!,#DIV/0!,#DIV/0!,#DIV/0!
,1.004273785,1.111981567,1.000885509,1.000023288,,,,,,,,
,1.009007824,1.220276498,1.013330767,1.000046576,,,,,,,,
,0.989940167,1.431336406,1.006785697,1.000069864,,,,,,,,
,0.9829706095,1.253456221,0.9817989316,1.000093152,,,,,,,,
,0.9779078177,1.19078341,0.9507483517,1.000163016,,,,,,,,
,0.9865868893,1.164516129,0.9588430627,1.000186304,,,,,,,,
,1.033204024,1.176036866,0.9585543096,1.000209592,,,,,,,,
,1.022881189,1.213364055,0.9499205929,1.000232879,,,,,,,,
,1.028272733,1.17235023,0.9505558497,1.000256167,,,,,,,,
,1.044184365,1.14516129,0.9550700226,1.000326031,,,,,,,,
,1.052534683,1.150230415,0.9527311228,1.000349319,,,,,,,,
,1.058978237,1.317511521,0.9451946677,1.000372607,,,,,,,,
,1.021237425,1.252995392,0.9210452861,1.000395895,,,,,,,,
,1.035439542,1.224884793,0.9317002743,1.000419183,,,,,,,,
,1.051022421,1.230414747,0.9464363059,1.000489047,,,,,,,,
,1.062528766,1.270046083,0.9458973002,1.000512335,,,,,,,,
,1.058254981,1.164516129,0.9415082535,1.000535623,,,,,,,,
,1.037938063,1.186635945,0.9245584484,1.000558911,,,,,,,,
,1.035571043,1.188479263,0.922537177,1.000582199,,,,,,,,
,1.033664278,1.147004608,0.917551374,1.000652063,,,,,,,,
,1.050562167,1.144239631,0.9306511382,1.00067535,,,,,,,,
,1.051877178,1.1,0.9220847972,1.000698638,,,,,,,,
,1.047208889,1.061751152,0.9167428654,1.000721926,,,,,,,,
,1.051088171,1.02718894,0.9098224169,1.000745214,,,,,,,,
,1.061674009,1.087557604,0.9105539246,1.000815078,,,,,,,,
,1.071142087,1.151612903,0.9182925069,1.000838366,,,,,,,,
,1.074035111,1.191705069,0.9313152702,,,,,,,,,
,1.078308896,1.168663594,0.9438375283,,,,,,,,,
,1.078637649,1.110599078,0.9415756292,,,,,,,,,
,1.065684792,1.189861751,0.9290822465,,,,,,,,,
,1.064567033,1.170967742,0.9315173974,,,,,,,,,
,1.060293247,1.239170507,0.9427498917,,,,,,,,,
,1.043000855,1.231336406,0.9296886279,,,,,,,,,
,1.06187126,1.222580645,0.9412965013,,,,,,,,,
,1.057663226,1.240552995,0.9457432985,,,,,,,,,
,1.04970741,1.224884793,0.9621252226,,,,,,,,,
,1.040699586,1.257142857,0.955012272,,,,,,,,,
,1.051219673,1.209677419,0.9497954666,,,,,,,,,
,1.043263857,1.288940092,0.9376678377,,,,,,,,,
,1.04365836,1.199078341,0.9335001684,,,,,,,,,
,1.026168716,1.161751152,0.9367245777,,,,,,,,,
,1.008547571,1.163133641,0.9284854902,,,,,,,,,
,0.9986849892,1.171428571,0.9192935175,,,,,,,,,
,0.9898744165,1.156221198,0.9045574859,,,,,,,,,
,1.006903807,1.15437788,0.9034120988,,,,,,,,,
,1.014070616,1.148387097,0.9152220992,,,,,,,,,
,1.007824315,1.148387097,0.9205447808,,,,,,,,,
,1.01334736,1.152073733,0.9253092064,,,,,,,,,
,1.011309093,1.152073733,0.9232301843,,,,,,,,,
,1.01571438,1.213364055,0.9212185379,,,,,,,,,
,1.009139325,1.167281106,0.9292554983,,,,,,,,,
,1.021697679,1.167281106,0.9440781558,,,,,,,,,
,1.021105924,1.18202765,0.9524808701,,,,,,,,,
,1.024656453,1.199539171,0.9538380095,,,,,,,,,
,1.025050957,1.187096774,0.9501900958,,,,,,,,,
,1.029324742,1.243778802,0.9576976755,,,,,,,,,
,1.025708462,1.201843318,0.9634053612,,,,,,,,,
,1.032217766,1.183410138,0.9653400067,,,,,,,,,
,1.051219673,1.16359447,0.9686125415,,,,,,,,,
,1.055098955,1.121658986,0.971297945,,,,,,,,,
,1.050430666,1.110138249,0.959622696,,,,,,,,,
,1.025576961,1.078341014,0.9496222147,,,,,,,,,
,1.027352226,1.064976959,0.9460609269,,,,,,,,,
,1.026826221,1.060368664,0.930073632,,,,,,,,,
,1.032941022,1.07281106,0.9393137302,,,,,,,,,
,1.028404234,1.084792627,0.9364358246,,,,,,,,,
,1.034979289,1.07281106,0.9359738197,,,,,,,,,
,1.072062595,1.094009217,1.059675634,,,,,,,,,
,1.096193044,1.055299539,1.069204485,,,,,,,,,
,1.111447169,1.038709677,1.063843303,,,,,,,,,
,1.097310803,1.057603687,1.062303287,,,,,,,,,
,1.105332369,1,1.05319794,,,,,,,,,
,1.134196857,1.069124424,1.069926368,,,,,,,,,
,1.145703202,0.964516129,1.078646711,,,,,,,,,
,1.149385232,0.9811059908,1.081062611,,,,,,,,,
,1.15878756,0.9746543779,1.090408586,,,,,,,,,
,1.15642054,1.002764977,1.086799172,,,,,,,,,
,1.148464725,0.9700460829,1.083160884,,,,,,,,,
,1.143862187,0.9732718894,1.086837673,,,,,,,,,
,1.126569794,0.9608294931,1.094220126,,,,,,,,,
,1.111710172,0.9576036866,1.084450647,,,,,,,,,
,1.124991781,0.9188940092,1.094653256,,,,,,,,,
,1.11874548,0.9253456221,1.087521055,,,,,,,,,
,1.11762772,0.9875576037,1.084084893,,,,,,,,,
,1.138404892,1.053456221,1.096770778,,,,,,,,,
,1.150371491,1.051152074,1.112815824,,,,,,,,,
,1.150437241,1.049769585,1.141537129,,,,,,,,,
,1.144651193,1.080184332,1.150998604,,,,,,,,,
,1.137944638,1.137788018,1.148852207,,,,,,,,,
,1.114340193,1.139631336,1.117734251,,,,,,,,,
,1.129923072,1.155299539,1.132633909,,,,,,,,,
,1.124663028,1.120737327,1.118773762,,,,,,,,,
,1.116444211,1.111059908,1.091438472,,,,,,,,,
,1.115392202,1.130875576,1.098772799,,,,,,,,,
,1.111249918,1.241474654,1.10914866,,,,,,,,,
,1.113288185,1.119354839,1.116309736,,,,,,,,,
,1.113616937,1.165898618,1.118436883,,,,,,,,,
,1.135314616,1.198617512,1.125097454,,,,,,,,,
,1.128936814,1.193548387,1.121401415,,,,,,,,,
,1.132684595,1.209677419,1.12048703,,,,,,,,,
,1.132355842,1.220276498,1.130237259,,,,,,,,,
,1.143862187,1.255760369,1.134934309,,,,,,,,,
,1.15997107,1.244239631,1.145945426,,,,,,,,,
,1.147609968,1.258986175,1.142865393,,,,,,,,,
,1.146360707,1.285714286,1.133471293,,,,,,,,,
,1.150700243,1.358986175,1.130718514,,,,,,,,,
,1.150700243,1.443317972,1.124558448,,,,,,,,,
,1.121507002,1.431797235,1.132643534,,,,,,,,,
,1.121704254,1.299539171,1.137937341,,,,,,,,,
,1.12486028,1.259907834,1.14163338,,,,,,,,,
,1.11269643,1.299539171,1.125626835,,,,,,,,,
,1.132618844,1.275576037,1.144434285,,,,,,,,,
,1.132421592,1.241013825,1.159054815,,,,,,,,,
,1.137681636,1.258986175,1.164242745,,,,,,,,,
,1.150634493,1.241013825,1.18305982,,,,,,,,,
,1.146360707,1.225345622,1.200125126,,,,,,,,,
,1.146229206,1.202764977,1.205736561,,,,,,,,,
,1.145966204,1.205990783,1.207305453,,,,,,,,,
,1.152475508,1.241935484,1.228817556,,,,,,,,,
,1.164376356,1.201843318,1.256268348,,,,,,,,,
,1.158458807,1.104147465,1.255941094,,,,,,,,,
,1.177592215,1.067741935,1.246450744,,,,,,,,,
,1.178644224,1.019354839,1.244833726,,,,,,,,,
,1.17338418,1.028110599,1.246046489,,,,,,,,,
,1.163784601,1.060368664,1.277549449,,,,,,,,,
,1.164047603,0.9811059908,1.311458684,,,,,,,,,
,1.14550595,0.9414746544,1.306617258,,,,,,,,,
,1.125057532,0.935483871,1.326290967,,,,,,,,,
,1.127687553,0.9078341014,1.349487463,,,,,,,,,
,1.104346111,0.9105990783,1.364531498,,,,,,,,,
,1.097836807,0.9059907834,1.383916454,,,,,,,,,
,1.100861332,1.015207373,1.396496463,,,,,,,,,
,1.103162601,1.059907834,1.337889215,,,,,,,,,
,1.055296206,1.015668203,1.376341499,,,,,,,,,
,1.028930239,1.017511521,1.337889215,,,,,,,,,
,1.071931093,1.044700461,1.388748255,,,,,,,,,
,1.048984154,1.013824885,1.363665239,,,,,,,,,
,1.020119666,1.041013825,1.299870061,,,,,,,,,
,1.028404234,1.047465438,1.2893787,,,,,,,,,
,1.069827076,1.057603687,1.334260552,,,,,,,,,
,1.080544414,1.00921659,1.361480341,,,,,,,,,
,1.100466829,0.9815668203,1.396650464,,,,,,,,,
,1.137418634,0.9940092166,1.406958949,,,,,,,,,
,1.133736603,0.9658986175,1.39437894,,,,,,,,,
,1.129923072,0.9502304147,1.413301891,,,,,,,,,
,1.12479453,0.9493087558,1.427325665,,,,,,,,,
,1.134196857,0.9488479263,1.42965494,,,,,,,,,
,1.15392202,0.9483870968,1.44376534,,,,,,,,,
,1.176737458,0.9875576037,1.464892439,,,,,,,,,
,1.172923927,1.00921659,1.455296213,,,,,,,,,
,1.171148662,1.059907834,1.455748592,,,,,,,,,
,1.150634493,1.060368664,1.437460898,,,,,,,,,
,1.158590308,1.090322581,1.444005968,,,,,,,,,
,1.162601091,1.058986175,1.466490206,,,,,,,,,
,1.161614833,1.047926267,1.479994225,,,,,,,,,
,1.150831744,1.048847926,1.4870783,,,,,,,,,
,1.163390098,1.025345622,1.49368112,,,,,,,,,
,1.183378263,0.9852534562,1.519697772,,,,,,,,,
,1.194818857,0.9838709677,1.538466721,,,,,,,,,
,1.183312512,0.9944700461,1.528639492,,,,,,,,,
,1.173252679,0.9714285714,1.531353771,,,,,,,,,
,1.174633441,0.9806451613,1.522999182,,,,,,,,,
,1.170491157,0.9861751152,1.512758073,,,,,,,,,
,1.152607009,1.01843318,1.487010924,,,,,,,,,
,1.152212506,1.04516129,1.5270321,,,,,,,,,
,1.12610954,1.029032258,1.522556427,,,,,,,,,
,1.110197909,1.029953917,1.487001299,,,,,,,,,
,1.084489447,1.052073733,1.439491795,,,,,,,,,
,1.135972122,1.048847926,1.497531161,,,,,,,,,
,1.106844631,1.059907834,1.440925935,,,,,,,,,
,1.094615031,1.064976959,1.377756389,,,,,,,,,
,1.103162601,1.019815668,1.393079551,,,,,,,,,
,1.095930041,1.015207373,1.320554406,,,,,,,,,
,1.107173384,1.032258065,1.339862361,,,,,,,,,
,1.128345059,1.04516129,1.35768805,,,,,,,,,
,1.136169373,1.051152074,1.397324222,,,,,,,,,
,1.107107634,1.047004608,1.352548246,,,,,,,,,
,1.118087974,1.051152074,1.35336638,,,,,,,,,
,1.139128148,1.068663594,1.382376438,,,,,,,,,
,1.133802354,1.073732719,1.373550219,,,,,,,,,
,1.144979946,1.105529954,1.394196063,,,,,,,,,
,1.148859228,1.100460829,1.377150007,,,,,,,,,
,1.156026037,1.046543779,1.387458492,,,,,,,,,
,1.171937668,1.035483871,1.447451754,,,,,,,,,
,1.169307647,1.023963134,1.470561625,,,,,,,,,
,1.136169373,1.000460829,1.498541797,,,,,,,,,
,1.089617989,0.999078341,1.470224746,,,,,,,,,
,1.086461963,0.999078341,1.460955773,,,,,,,,,
,1.071339339,0.9861751152,1.405351557,,,,,,,,,
,1.076007627,0.997235023,1.405428558,,,,,,,,,
,1.079755408,1.014285714,1.461052024,,,,,,,,,
,1.067262805,1.006451613,1.513662833,,,,,,,,,
,1.086593464,1.013824885,1.507416141,,,,,,,,,
,1.111841673,1.039631336,1.522941431,,,,,,,,,
,1.160957328,1.050230415,1.510833053,,,,,,,,,
,1.163061345,1.06359447,1.513143077,,,,,,,,,
,1.208692222,1.058986175,1.521680543,,,,,,,,,
,1.217437044,1.057142857,1.540151114,,,,,,,,,
,1.223288842,1.014285714,1.53269166,,,,,,,,,
,1.231902163,0.9889400922,1.547716444,,,,,,,,,
,1.249523309,1.011059908,1.548755956,,,,,,,,,
,1.23998948,1.014746544,1.542817267,,,,,,,,,
,1.237096456,1.014746544,1.541498628,,,,,,,,,
,1.225853113,1.013824885,1.517031618,,,,,,,,,
,1.237293708,1.020737327,1.527773233,,,,,,,,,
,1.229469393,1.023502304,1.522460176,,,,,,,,,
,1.224998356,1.015207373,1.515347226,,,,,,,,,
,1.233677428,1.001382488,1.526021464,,,,,,,,,
,1.230587152,1.012442396,1.522113672,,,,,,,,,
,1.238477217,1.04562212,1.541806632,,,,,,,,,
,1.237096456,1.01843318,1.542971269,,,,,,,,,
,1.239923729,0.9963133641,1.549785841,,,,,,,,,
,1.235452692,1.018894009,1.552403869,,,,,,,,,
,1.232822671,1.051152074,1.563973242,,,,,,,,,
,1.228680387,1.058525346,1.568525916,,,,,,,,,
,1.250838319,1.053917051,1.579999037,,,,,,,,,
,1.261292656,1.061290323,1.602839405,,,,,,,,,
,1.271023736,1.078341014,1.632754223,,,,,,,,,
,1.275429022,1.093087558,1.632176717,,,,,,,,,
,1.272009994,1.101382488,1.625968526,,,,,,,,,
,1.260437899,1.135483871,1.620857597,,,,,,,,,
,1.257347623,1.107373272,1.625795274,,,,,,,,,
,1.26425143,1.024884793,1.635064248,,,,,,,,,
,1.253862844,1.022119816,1.640945185,,,,,,,,,
,1.25452035,1.024884793,1.659232879,,,,,,,,,
,1.241633243,0.9792626728,1.651638674,,,,,,,,,
,1.240975738,0.9953917051,1.659165504,,,,,,,,,
,1.220921823,1.036866359,1.669743491,,,,,,,,,
,1.226247617,1.042396313,1.684469897,,,,,,,,,
,1.21940956,1.037327189,1.665354444,,,,,,,,,
,1.215859031,1.060829493,1.651349921,,,,,,,,,
,1.197777632,1.0640553,1.600798883,,,,,,,,,
,1.212637254,1.066359447,1.627691419,,,,,,,,,
,1.21086199,1.09124424,1.598257856,,,,,,,,,
,1.219672562,1.058064516,1.637663025,,,,,,,,,
,1.217108291,1.058986175,1.636074883,,,,,,,,,
,1.230718653,1.051152074,1.649530776,,,,,,,,,
,1.209283977,1.096313364,1.630453824,,,,,,,,,
,1.219015057,1.084792627,1.636007508,,,,,,,,,
,1.235912946,1.088479263,1.646498869,,,,,,,,,
,1.253073838,1.083870968,1.673824534,,,,,,,,,
,1.251561575,1.105529954,1.677722701,,,,,,,,,
,1.235321191,1.078341014,1.689205448,,,,,,,,,
,1.256032612,1.105990783,1.729265123,,,,,,,,,
,1.258005129,1.141935484,1.745059916,,,,,,,,,
,1.255243606,1.130414747,1.754165263,,,,,,,,,
,1.258794135,1.135483871,1.774801482,,,,,,,,,
,1.251890328,1.148387097,1.773829347,,,,,,,,,
,1.261621408,1.183410138,1.745002166,,,,,,,,,
,1.258728385,1.169124424,1.745704798,,,,,,,,,
,1.258728385,1.140552995,1.734443428,,,,,,,,,
,1.268985469,1.11797235,1.760662207,,,,,,,,,
,1.280952068,1.129032258,1.793743684,,,,,,,,,
,1.276941285,1.136866359,1.74021849,,,,,,,,,
,1.25570386,1.106912442,1.74914096,,,,,,,,,
,1.248668552,1.084792627,1.712517445,,,,,,,,,
,1.251167072,1.070967742,1.710804177,,,,,,,,,
,1.32487343,1.031797235,1.729794504,,,,,,,,,
,1.3636005,1.044700461,1.765561384,,,,,,,,,
,1.367545532,1.066359447,1.754935271,,,,,,,,,
,1.374646591,0.8276497696,1.778478271,,,,,,,,,
,1.361759485,0.8516129032,1.792656047,,,,,,,,,
,1.362679992,0.8373271889,1.815794793,,,,,,,,,
,1.373397331,0.8230414747,1.827344916,,,,,,,,,
,1.364521007,0.798156682,1.815583041,,,,,,,,,
,1.37333158,0.7921658986,1.825111892,,,,,,,,,
,1.379117628,0.832718894,1.847682757,,,,,,,,,
,1.382339404,0.8686635945,1.812041003,,,,,,,,,
,1.402590571,0.8852534562,1.815794793,,,,,,,,,
,1.430600302,0.897235023,1.811655999,,,,,,,,,
,1.416661187,0.9087557604,1.806352567,,,,,,,,,
,1.413899665,0.9082949309,1.812811011,,,,,,,,,
,1.413965415,0.9179723502,1.833485731,,,,,,,,,
,1.416858439,0.9078341014,1.83156071,,,,,,,,,
,1.421263725,0.9133640553,1.833957361,,,,,,,,,
,1.432967322,0.9129032258,1.855411714,,,,,,,,,
,1.444539417,0.9129032258,1.860359016,,,,,,,,,
,1.466105595,0.9184331797,1.923191684,,,,,,,,,
,1.479584457,0.9087557604,1.927311228,,,,,,,,,
,1.496679598,0.9092165899,1.937253958,,,,,,,,,
,1.501479387,0.9129032258,1.963049232,,,,,,,,,
,1.491682556,0.9184331797,1.92003465,,,,,,,,,
,1.466894602,0.9115207373,1.884893402,,,,,,,,,
,1.455059504,0.8649769585,1.878887338,,,,,,,,,
,1.435531593,0.8894009217,1.866316955,,,,,,,,,
,1.471825893,0.8852534562,1.912652197,,,,,,,,,
,1.453547242,0.8930875576,1.915395351,,,,,,,,,
,1.488658031,0.8783410138,1.915270225,,,,,,,,,
,1.471760142,0.8585253456,1.896328023,,,,,,,,,
,1.432572819,0.8253456221,1.836498388,,,,,,,,,
,1.434939838,0.8410138249,1.868280475,,,,,,,,,
,1.435794595,0.8493087558,1.854198951,,,,,,,,,
,1.446709185,0.8493087558,1.871408634,,,,,,,,,
,1.431126307,0.8331797235,1.843216709,,,,,,,,,
,1.451706227,0.8617511521,1.861841282,,,,,,,,,
,1.460911303,0.834562212,1.900524568,,,,,,,,,
,1.449273457,0.8078341014,1.900813321,,,,,,,,,
,1.479058452,0.8,1.937513836,,,,,,,,,
,1.484252745,0.7870967742,1.927907984,,,,,,,,,
,1.494246828,0.7658986175,1.929216998,,,,,,,,,
,1.507528437,0.7585253456,1.897406035,,,,,,,,,
,1.525872838,0.7470046083,1.87955147,,,,,,,,,
,1.499046617,0.7115207373,1.837836277,,,,,,,,,
,1.474718916,0.7359447005,1.81880745,,,,,,,,,
,1.471299888,0.7216589862,1.794523317,,,,,,,,,
,1.491682556,0.7423963134,1.800202127,,,,,,,,,
,1.422578736,0.7870967742,1.689446075,,,,,,,,,
,1.410020383,0.7912442396,1.654901583,,,,,,,,,
,1.460385298,0.7594470046,1.721555417,,,,,,,,,
,1.429153791,0.7105990783,1.694932384,,,,,,,,,
,1.4606483,0.7359447005,1.751730112,,,,,,,,,
,1.454336248,0.7576036866,1.763058858,,,,,,,,,
,1.420343218,0.7433179724,1.704336109,,,,,,,,,
,1.441975146,0.7755760369,1.697896915,,,,,,,,,
,1.450785719,0.7244239631,1.722219549,,,,,,,,,
,1.464461832,0.6815668203,1.702391838,,,,,,,,,
,1.414228417,0.7124423963,1.601809519,,,,,,,,,
,1.445196923,0.7119815668,1.715356851,,,,,,,,,
,1.422184233,0.7479262673,1.581221425,,,,,,,,,
,1.395489513,0.7382488479,1.481187738,,,,,,,,,
,1.40245907,0.7405529954,1.473044901,,,,,,,,,
,1.439016372,0.7589861751,1.538100967,,,,,,,,,
,1.461108554,0.7110599078,1.603089658,,,,,,,,,
,1.364192255,0.6843317972,1.603089658,,,,,,,,,
,1.325465185,0.6940092166,1.566774147,,,,,,,,,
,1.339798803,0.7069124424,1.581221425,,,,,,,,,
,1.380432639,0.7188940092,1.689677078,,,,,,,,,
,1.370833059,0.6986175115,1.689118822,,,,,,,,,
,1.344401341,0.6935483871,1.648231387,,,,,,,,,
,1.276678283,0.7013824885,1.575484865,,,,,,,,,
,1.263922677,0.6760368664,1.570017806,,,,,,,,,
,1.228220133,0.6640552995,1.539063478,,,,,,,,,
,1.258531133,0.6626728111,1.558727561,,,,,,,,,
,1.272470248,0.6788018433,1.53367342,,,,,,,,,
,1.222039582,0.7078341014,1.455594591,,,,,,,,,
,1.1636531,0.7124423963,1.439395544,,,,,,,,,
,1.162338089,0.7502304147,1.459868136,,,,,,,,,
,1.132816096,0.7889400922,1.445748111,,,,,,,,,
,1.148135972,0.7815668203,1.522046297,,,,,,,,,
,1.145637452,0.7903225806,1.522132923,,,,,,,,,
,1.189690315,0.7741935484,1.614851533,,,,,,,,,
,1.18055099,0.8101382488,1.61082824,,,,,,,,,
,1.174173187,0.8046082949,1.62680591,,,,,,,,,
,1.215201525,0.7829493088,1.705914625,,,,,,,,,
,1.161746334,0.7741935484,1.605852062,,,,,,,,,
,1.148793478,0.7866359447,1.635487752,,,,,,,,,
,1.10783089,0.7732718894,1.568054286,,,,,,,,,
,1.1151292,0.7331797235,1.579508157,,,,,,,,,
,1.108751397,0.7087557604,1.581635305,,,,,,,,,
,1.111841673,0.6976958525,1.601174262,,,,,,,,,
,1.124005523,0.6695852535,1.59620771,,,,,,,,,
,1.088039976,0.6548387097,1.532229655,,,,,,,,,
,1.077914393,0.6493087558,1.463891429,,,,,,,,,
,1.091919258,0.6414746544,1.493315366,,,,,,,,,
,1.057860477,0.6880184332,1.43902979,,,,,,,,,
,1.031165757,0.7,1.406063814,,,,,,,,,
,0.9910579262,0.666359447,1.325809712,,,,,,,,,
,0.9654152147,0.66359447,1.293575244,,,,,,,,,
,1.033401276,0.6714285714,1.415756292,,,,,,,,,
,1.02669472,0.6751152074,1.406843448,,,,,,,,,
,1.027220725,0.7004608295,1.422609365,,,,,,,,,
,1.037149056,0.7281105991,1.445661485,,,,,,,,,
,1.038332566,0.7170506912,1.481428365,,,,,,,,,
,0.934906963,0.7271889401,1.444034843,,,,,,,,,
,0.9748175422,0.7539170507,1.516328986,,,,,,,,,
,0.9726477743,0.7815668203,1.568420039,,,,,,,,,
,0.9911894273,0.7889400922,1.594475191,,,,,,,,,
,1.008021566,0.7926267281,1.59720872,,,,,,,,,
,1.011243343,0.8004608295,1.594128688,,,,,,,,,
,1.001315011,0.8299539171,1.579055777,,,,,,,,,
,0.9862581366,0.8516129032,1.556581164,,,,,,,,,
,1.006443553,0.7447004608,1.611781125,,,,,,,,,
,1.018738905,0.730875576,1.620655469,,,,,,,,,
,1.024787955,0.7433179724,1.629741566,,,,,,,,,
,1.031100007,0.7700460829,1.632609846,,,,,,,,,
,1.007955816,0.7806451613,1.570980317,,,,,,,,,
,1.012032349,0.8110599078,1.578536022,,,,,,,,,
,1.004010783,0.7917050691,1.592887049,,,,,,,,,
,1.037280558,0.8244239631,1.607940709,,,,,,,,,
,1.027680978,0.8050691244,1.576485875,,,,,,,,,
,1.01702939,0.8396313364,1.5341258,,,,,,,,,
,1.086527714,0.8608294931,1.607805958,,,,,,,,,
,1.094352028,0.8437788018,1.654295202,,,,,,,,,
,1.094878033,0.8170506912,1.565263006,,,,,,,,,
,1.125978039,0.8359447005,1.572077578,,,,,,,,,
,1.145242948,0.8350230415,1.596621589,,,,,,,,,
,1.145637452,0.8377880184,1.578767024,,,,,,,,,
,1.123939773,0.8368663594,1.553847635,,,,,,,,,
,1.120454994,0.8447004608,1.528677992,,,,,,,,,
,1.114011441,0.9211981567,1.531353771,,,,,,,,,
,1.12361102,0.8801843318,1.576601376,,,,,,,,,
,1.118942731,0.8594470046,1.578516772,,,,,,,,,
,1.123019265,0.8783410138,1.561817219,,,,,,,,,
,1.120520744,0.9082949309,1.547668319,,,,,,,,,
,1.123874022,0.8995391705,1.566562395,,,,,,,,,
,1.131106582,0.8806451613,1.561287839,,,,,,,,,
,1.124728779,0.9036866359,1.558727561,,,,,,,,,
,1.137287133,0.9202764977,1.570393185,,,,,,,,,
,1.145571701,0.9216589862,1.5717792,,,,,,,,,
,1.146229206,0.9414746544,1.575051735,,,,,,,,,
,1.149779736,0.9410138249,1.579565908,,,,,,,,,
,1.138470642,0.8958525346,1.578353145,,,,,,,,,
,1.150437241,0.8829493088,1.609057221,,,,,,,,,
,1.156223289,0.8788018433,1.632580971,,,,,,,,,
,1.154119271,0.8815668203,1.628981183,,,,,,,,,
,1.147478467,0.8797235023,1.606381443,,,,,,,,,
,1.134196857,0.8797235023,1.564993503,,,,,,,,,
,1.136892629,0.8525345622,1.560036575,,,,,,,,,
,1.176277204,0.8516129032,1.607988835,,,,,,,,,
,1.189493063,0.8502304147,1.61037586,,,,,,,,,
,1.194753107,0.8778801843,1.627421916,,,,,,,,,
,1.208034716,0.8769585253,1.623003994,,,,,,,,,
,1.223749096,0.899078341,1.648164012,,,,,,,,,
,1.236241699,0.8949308756,1.676837191,,,,,,,,,
,1.226444868,0.900921659,1.695798643,,,,,,,,,
,1.237162207,0.9253456221,1.729890755,,,,,,,,,
,1.282727333,0.9511520737,1.751056355,,,,,,,,,
,1.256164113,0.935483871,1.698609173,,,,,,,,,
,1.240975738,0.9341013825,1.707743395,,,,,,,,,
,1.228154382,0.9976958525,1.716887242,,,,,,,,,
,1.239200473,1.025806452,1.699504307,,,,,,,,,
,1.240844237,1.043317972,1.706934886,,,,,,,,,
,1.248931554,1.050691244,1.713990086,,,,,,,,,
,1.257413374,1.080645161,1.746176428,,,,,,,,,
,1.275692024,1.053456221,1.745974301,,,,,,,,,
,1.284436847,1.011981567,1.75244237,,,,,,,,,
,1.286672365,1.034562212,1.750671351,,,,,,,,,
,1.295285686,1.039631336,1.768400789,,,,,,,,,
,1.315668354,1.048387097,1.780509168,,,,,,,,,
,1.311723322,1.024884793,1.767014775,,,,,,,,,
,1.319087382,1.023502304,1.778074017,,,,,,,,,
,1.308107042,1.004147465,1.774936234,,,,,,,,,
,1.307581038,1.020737327,1.773964098,,,,,,,,,
,1.309948057,0.9898617512,1.775706242,,,,,,,,,
,1.310079558,1.005529954,1.793195053,,,,,,,,,
,1.335590769,0.9741935484,1.794908321,,,,,,,,,
,1.340390558,0.9870967742,1.791895664,,,,,,,,,
,1.344795845,1.004608295,1.816555176,,,,,,,,,
,1.364192255,1.007373272,1.851648299,,,,,,,,,
,1.362088237,0.9529953917,1.830453824,,,,,,,,,
,1.349727135,0.9161290323,1.830935079,,,,,,,,,
,1.343283582,0.9032258065,1.877501323,,,,,,,,,
,1.345321849,0.935483871,1.865758699,,,,,,,,,
,1.319416135,0.9423963134,1.854295202,,,,,,,,,
,1.384180419,0.9543778802,1.839857548,,,,,,,,,
,1.375172595,0.9235023041,1.829558689,,,,,,,,,
,1.392267736,0.7815668203,1.888887819,,,,,,,,,
,1.370767309,0.7847926267,1.877424323,,,,,,,,,
,1.333815504,0.7709677419,1.848982145,,,,,,,,,
,1.334078506,0.7995391705,1.845873237,,,,,,,,,
,1.319744888,0.797235023,1.828644304,,,,,,,,,
,1.296469196,0.7797235023,1.819125078,,,,,,,,,
,1.221119074,0.8004608295,1.75434814,,,,,,,,,
,1.240449734,0.7824884793,1.771134318,,,,,,,,,
,1.255309356,0.8064516129,1.801001011,,,,,,,,,
,1.249786311,0.800921659,1.836055633,,,,,,,,,
,1.242685252,0.7806451613,1.798931614,,,,,,,,,
,1.203826682,0.7953917051,1.789277636,,,,,,,,,
,1.226905122,0.8050691244,1.787881996,,,,,,,,,
,1.201788415,0.7709677419,1.789961018,,,,,,,,,
,1.181274246,0.7552995392,1.747418066,,,,,,,,,
,1.176737458,0.7262672811,1.754925646,,,,,,,,,
,1.171871918,0.7147465438,1.767582656,,,,,,,,,
,1.166283122,0.7506912442,1.750988979,,,,,,,,,
,1.172332172,0.7377880184,1.748226575,,,,,,,,,
,1.151094747,0.7410138249,1.708523028,,,,,,,,,
,1.139456901,0.7764976959,1.629231436,,,,,,,,,
,1.181142744,0.834562212,1.664719188,,,,,,,,,
,1.200210402,0.8198156682,1.673324029,,,,,,,,,
,1.217831547,0.8142857143,1.688589441,,,,,,,,,
,1.250246565,0.8313364055,1.736397324,,,,,,,,,
,1.266223946,0.8248847926,1.790875403,,,,,,,,,
,1.280886317,0.8396313364,1.793830309,,,,,,,,,
,1.276809784,0.8525345622,1.785764474,,,,,,,,,
,1.276546782,0.8479262673,1.800182877,,,,,,,,,
,1.267275955,0.8603686636,1.799576496,,,,,,,,,
,1.274837267,0.8534562212,1.815323163,,,,,,,,,
,1.304819515,0.8534562212,1.83008807,,,,,,,,,
,1.301005983,0.799078341,1.837229896,,,,,,,,,
,1.31146032,0.7926267281,1.846277492,,,,,,,,,
,1.306989283,0.8198156682,1.839645796,,,,,,,,,
,1.305674272,0.8285714286,1.842148323,,,,,,,,,
,1.285883359,0.8267281106,1.807854083,,,,,,,,,
,1.313695838,0.8281105991,1.826680783,,,,,,,,,
,1.313301335,0.8129032258,1.832888974,,,,,,,,,
,1.301334736,0.8193548387,1.822638241,,,,,,,,,
,1.325202183,0.8244239631,1.850127533,,,,,,,,,
,1.332960747,0.8281105991,1.861793157,,,,,,,,,
,1.344006838,0.8267281106,1.86630733,,,,,,,,,
,1.342823328,0.8161290323,1.870070745,,,,,,,,,
,1.31514235,0.8239631336,1.879127966,,,,,,,,,
,1.323163916,0.8073732719,1.913759084,,,,,,,,,
,1.336248274,0.7889400922,1.941777756,,,,,,,,,
,1.326517194,0.8101382488,1.926050339,,,,,,,,,
,1.336708528,0.7764976959,1.935608066,,,,,,,,,
,1.349266881,0.7824884793,1.945223543,,,,,,,,,
,1.344598593,0.800921659,1.934549305,,,,,,,,,
,1.337037281,0.8198156682,1.917349247,,,,,,,,,
,1.352225656,0.8285714286,1.903748977,,,,,,,,,
,1.332040239,0.8105990783,1.890870591,,,,,,,,,
,1.36248274,0.8276497696,1.911189181,,,,,,,,,
,1.373134328,0.8046082949,1.919717022,,,,,,,,,
,1.372016569,0.8299539171,1.925800087,,,,,,,,,
,1.36116773,0.8313364055,1.899821936,,,,,,,,,
,1.365901769,0.8165898618,1.870205496,,,,,,,,,
,1.378657374,0.9059907834,1.840752683,,,,,,,,,
,1.372739825,0.8686635945,1.827354541,,,,,,,,,
,1.400749556,0.899078341,1.796794841,,,,,,,,,
,1.370438556,0.9216589862,1.785764474,,,,,,,,,
,1.341442567,0.8612903226,1.754887146,,,,,,,,,
,1.271220988,0.8815668203,1.698955676,,,,,,,,,
,1.295285686,0.8419354839,1.720804659,,,,,,,,,
,1.308698797,0.8387096774,1.726165841,,,,,,,,,
,1.337563285,0.8188940092,1.764175369,,,,,,,,,
,1.321520153,0.7723502304,1.739814236,,,,,,,,,
,1.318166875,0.7838709677,1.718003754,,,,,,,,,
,1.373989085,0.7852534562,1.755945907,,,,,,,,,
,1.333092248,0.8041474654,1.696867029,,,,,,,,,
,1.326451443,0.8474654378,1.709533664,,,,,,,,,
,1.357748701,0.8313364055,1.725366957,,,,,,,,,
,1.38306266,0.7769585253,1.748034073,,,,,,,,,
,1.383128411,0.7774193548,1.733846672,,,,,,,,,
,1.398119534,0.7585253456,1.755175899,,,,,,,,,
,1.396936025,0.7797235023,1.737908465,,,,,,,,,
,1.332368992,0.7709677419,1.684027143,,,,,,,,,
,1.357682951,0.7783410138,1.702555465,,,,,,,,,
,1.342363074,0.7580645161,1.695779393,,,,,,,,,
,1.351370899,0.7483870968,1.698108667,,,,,,,,,
,1.374252088,0.767281106,1.719428269,,,,,,,,,
,1.372476823,0.7612903226,1.709697291,,,,,,,,,
,1.352488658,0.7930875576,1.722739304,,,,,,,,,
,1.375435597,0.8235023041,1.733115164,,,,,,,,,
,1.402327569,0.8244239631,1.771711824,,,,,,,,,
,1.402196068,0.832718894,1.764772126,,,,,,,,,
,1.408179367,0.8253456221,1.762693104,,,,,,,,,
,1.424814255,0.8612903226,1.752297993,,,,,,,,,
,1.470116378,0.8474654378,1.754646518,,,,,,,,,
,1.466828851,0.8202764977,1.774435728,,,,,,,,,
,1.438293116,0.7917050691,1.77038356,,,,,,,,,
,1.445854428,0.7907834101,1.740064488,,,,,,,,,
,1.451114472,0.7953917051,1.754223014,,,,,,,,,
,1.464724834,0.7700460829,1.749323837,,,,,,,,,
,1.452823986,0.7880184332,1.753212378,,,,,,,,,
,1.431586561,0.7728110599,1.726897348,,,,,,,,,
,1.438095864,0.768202765,1.718369508,,,,,,,,,
,1.431257808,0.7760368664,1.676317436,,,,,,,,,
,1.45328424,0.7382488479,1.702035709,,,,,,,,,
,1.445788678,0.73640553,1.674613793,,,,,,,,,
,1.43875337,0.7184331797,1.660763271,,,,,,,,,
,1.472614899,0.7225806452,1.670831128,,,,,,,,,
,1.476691433,0.7207373272,1.670580875,,,,,,,,,
,1.439673877,0.7110599078,1.649001396,,,,,,,,,
,1.451903478,0.7175115207,1.659771885,,,,,,,,,
,1.492603064,0.7175115207,1.674430916,,,,,,,,,
,1.492931817,0.7580645161,1.667702969,,,,,,,,,
,1.475442172,0.7470046083,1.641570817,,,,,,,,,
,1.492734565,0.7695852535,1.657432985,,,,,,,,,
,1.512854231,0.8105990783,1.655767843,,,,,,,,,
,1.553093563,0.8341013825,1.666990712,,,,,,,,,
,1.550858045,0.8396313364,1.671331633,,,,,,,,,
,1.547241765,0.8442396313,1.701121324,,,,,,,,,
,1.540995463,0.8562211982,1.710794552,,,,,,,,,
,1.546978763,0.8511520737,1.72046778,,,,,,,,,
,1.554408574,0.8271889401,1.691621348,,,,,,,,,
,1.581366296,0.8281105991,1.718716011,,,,,,,,,
,1.577750016,0.8428571429,1.699533183,,,,,,,,,
,1.598921691,0.83640553,1.696106646,,,,,,,,,
,1.601551713,0.8207373272,1.714018961,,,,,,,,,
,1.621276876,0.8013824885,1.695298138,,,,,,,,,
,1.63751726,0.8410138249,1.710457674,,,,,,,,,
,1.599644947,0.8465437788,1.696626402,,,,,,,,,
,1.599447695,0.8705069124,1.713258578,,,,,,,,,
,1.635610494,0.8543778802,1.710053419,,,,,,,,,
,1.682030377,0.8543778802,1.72427932,,,,,,,,,
,1.693076468,0.9304147465,1.737003706,,,,,,,,,
,1.690643698,0.9566820276,1.7341643,,,,,,,,,
,1.691366954,0.9405529954,1.72844699,,,,,,,,,
,1.705766323,0.9253456221,1.721160787,,,,,,,,,
,1.710434611,0.9377880184,1.718927764,,,,,,,,,
,1.723979223,0.935483871,1.705231243,,,,,,,,,
,1.72240121,0.9281105991,1.711343183,,,,,,,,,
,1.738904596,0.9225806452,1.687386303,,,,,,,,,
,1.726872247,0.9442396313,1.688820444,,,,,,,,,
,1.747386416,0.9525345622,1.674276914,,,,,,,,,
,1.756196989,0.9258064516,1.686828048,,,,,,,,,
,1.750871195,0.9202764977,1.6870783,,,,,,,,,
,1.730488527,0.9216589862,1.680090476,,,,,,,,,
,1.722729963,0.9115207373,1.669676115,,,,,,,,,
,1.7212177,0.8884792627,1.680273353,,,,,,,,,
,1.751397199,0.8741935484,1.70733914,,,,,,,,,
,1.737721086,0.8917050691,1.729573127,,,,,,,,,
,1.761062529,0.9216589862,1.750334472,,,,,,,,,
,1.757183247,0.9470046083,1.733288416,,,,,,,,,
,1.736866329,0.9778801843,1.71480822,,,,,,,,,
,1.705897824,0.9571428571,1.703604601,,,,,,,,,
,1.720954698,0.9815668203,1.694682131,,,,,,,,,
,1.746202906,0.9764976959,1.675229799,,,,,,,,,
,1.779932934,0.9792626728,1.685932913,,,,,,,,,
,1.755013479,0.9847926267,1.683921267,,,,,,,,,
,1.765270563,0.9861751152,1.674007411,,,,,,,,,
,1.780327438,0.9460829493,1.683160884,,,,,,,,,
,1.784864225,0.964516129,1.694335627,,,,,,,,,
,1.809126175,0.9728110599,1.694922759,,,,,,,,,
,1.840094681,0.9866359447,1.702882718,,,,,,,,,
,1.843710961,0.9898617512,1.723528562,,,,,,,,,
,1.839305674,0.9917050691,1.71714712,,,,,,,,,
,1.841146689,0.9824884793,1.725087829,,,,,,,,,
,1.837333158,0.9769585253,1.71952452,,,,,,,,,
,1.867315405,0.9769585253,1.725780836,,,,,,,,,
,1.86909067,0.9741935484,1.722132923,,,,,,,,,
,1.906173976,0.9967741935,1.798710236,,,,,,,,,
,1.90545072,0.9958525346,1.799701622,,,,,,,,,
,1.916759813,0.9866359447,1.777650513,,,,,,,,,
,1.930764679,0.9894009217,1.778564897,,,,,,,,,
,1.974817542,0.9889400922,1.826854035,,,,,,,,,
,1.955618384,1.000460829,1.8046778,,,,,,,,,
,1.971201262,1.006912442,1.83154146,,,,,,,,,
,1.961930436,1.025345622,1.835372251,,,,,,,,,
,1.993490696,1.030414747,1.821040474,,,,,,,,,
,2.035834046,1.103686636,1.829780066,,,,,,,,,
,2.040436584,1.116129032,1.812560758,,,,,,,,,
,2.084029193,1.083870968,1.820395592,,,,,,,,,
,2.055887961,1.108294931,1.799355118,,,,,,,,,
,2.047077388,1.128571429,1.792213292,,,,,,,,,
,2.0727201,1.149769585,1.807536455,,,,,,,,,
,2.095667039,1.152073733,1.79481207,,,,,,,,,
,2.081464922,1.13640553,1.821069349,,,,,,,,,
,2.088894733,1.148387097,1.816699552,,,,,,,,,
,2.098954566,1.151152074,1.813927523,,,,,,,,,
,2.092905516,1.122119816,1.791847538,,,,,,,,,
,2.031363009,1.121198157,1.759795948,,,,,,,,,
,2.088828983,1.132718894,1.783772078,,,,,,,,,
,2.132553094,1.19078341,1.788344001,,,,,,,,,
,2.129462818,1.170506912,1.800548631,,,,,,,,,
,2.035045039,1.188479263,1.933413543,,,,,,,,,
,2.029456243,1.156682028,1.929062996,,,,,,,,,
,2.096456046,1.136866359,1.972828336,,,,,,,,,
,2.113551187,1.157142857,1.963395736,,,,,,,,,
,2.138273391,1.175115207,1.973367342,,,,,,,,,
,2.10421461,1.387557604,2.001328264,,,,,,,,,
,2.114208692,1.439170507,2.053910198,,,,,,,,,
,2.101453087,1.423963134,2.070166996,,,,,,,,,
,2.151357749,1.446543779,2.07902209,,,,,,,,,
,2.136037872,1.484331797,2.069271861,,,,,,,,,
,2.136563877,1.494470046,2.054834208,,,,,,,,,
,2.097442304,1.457603687,2.07485442,,,,,,,,,
,2.127819055,1.370967742,2.088858944,,,,,,,,,
,2.105989874,1.348387097,2.072380769,,,,,,,,,
,2.058320731,1.276036866,2.01739256,,,,,,,,,
,1.960549675,1.247004608,1.933962173,,,,,,,,,
,1.894141627,1.318894009,1.898782425,,,,,,,,,
,1.924189625,1.337788018,1.90537562,,,,,,,,,
,1.798408837,1.368663594,1.81365802,,,,,,,,,
,1.797356828,1.32764977,1.813128639,,,,,,,,,
,1.964691959,1.216589862,1.880696857,,,,,,,,,
,1.902294694,1.060368664,1.837422398,,,,,,,,,
,1.990531922,1.094009217,1.901756581,,,,,,,,,
,1.925964889,1.000921659,1.851898551,,,,,,,,,
,1.900387928,0.797235023,1.829818567,,,,,,,,,
,1.750082188,0.7898617512,1.733105539,,,,,,,,,
,1.876125978,0.6331797235,1.820896097,,,,,,,,,
,1.81096719,0.630875576,1.752596371,,,,,,,,,
,1.632125715,0.4760368664,1.613754271,,,,,,,,,
,1.827667828,0.5548387097,1.718080755,,,,,,,,,
,1.592543888,0.534562212,1.625824149,,,,,,,,,
,1.662568216,0.5511520737,1.740064488,,,,,,,,,
,1.62186863,0.7465437788,1.761393715,,,,,,,,,
,1.609441778,0.8368663594,1.810414361,,,,,,,,,
,1.507265435,0.8658986175,1.776880504,,,,,,,,,
,1.475244921,0.7414746544,1.831493335,,,,,,,,,
,1.623249392,0.735483871,1.867366091,,,,,,,,,
,1.614307318,0.7105990783,1.815140286,,,,,,,,,
,1.699257019,0.6221198157,1.882179123,,,,,,,,,
,1.628903938,0.6230414747,1.828865682,,,,,,,,,
,1.675389572,0.6156682028,1.89032196,,,,,,,,,
,1.671970544,0.7511520737,1.876625439,,,,,,,,,
,1.583996318,0.7626728111,1.836180759,,,,,,,,,
,1.610428036,0.7949308756,1.846893498,,,,,,,,,
,1.587283845,0.8534562212,1.835112373,,,,,,,,,
,1.725754487,0.8248847926,1.922700804,,,,,,,,,
,1.705766323,0.8912442396,1.936185572,,,,,,,,,
,1.749424683,0.8506912442,1.966408393,,,,,,,,,
,1.762048787,0.7806451613,1.966177391,,,,,,,,,
,1.796633572,0.8460829493,2.087559555,,,,,,,,,
,1.887369321,0,2.197718851,,,,,,,,,
,1.870142679,0,2.2211656,,,,,,,,,
,1.885002301,0,2.317907503,,,,,,,,,
,1.85942534,0,2.285961788,,,,,,,,,
,0,0,0,,,,,,,,,
,0,0,0,,,,,,,,,
,0,0,0,,,,,,,,,
,0,0,0,,,,,,,,,
,0,0,0,,,,,,,,,
,0,0,0,,,,,,,,,
,0,0,0,,,,,,,,,
,0,0,0,,,,,,,,,
,0,0,0,,,,,,,,,
,0,0,0,,,,,,,,,
,0,0,0,,,,,,,,,
,0,0,0,,,,,,,,,
,0,0,0,,,,,,,,,
,0,0,0,,,,,,,,,
,0,0,0,,,,,,,,,
,0,0,0,,,,,,,,,
,0,0,0,,,,,,,,,
,0,0,0,,,,,,,,,
,0,0,0,,,,,,,,,
,0,0,0,,,,,,,,,
,0,0,0,,,,,,,,,
,0,0,0,,,,,,,,,
,0,0,0,,,,,,,,,
,0,0,0,,,,,,,,,
,0,0,0,,,,,,,,,
,0,0,0,,,,,,,,,
,0,0,0,,,,,,,,,
,0,0,0,,,,,,,,,
,0,0,0,,,,,,,,,
,0,0,0,,,,,,,,,
,0,0,0,,,,,,,,,
,0,0,0,,,,,,,,,
,0,0,0,,,,,,,,,
,0,0,0,,,,,,,,,
,0,0,0,,,,,,,,,
,0,0,0,,,,,,,,,
,0,0,0,,,,,,,,,
,0,0,0,,,,,,,,,
,0,0,0,,,,,,,,,
,0,0,0,,,,,,,,,
,0,0,0,,,,,,,,,
,0,0,0,,,,,,,,,
,0,0,0,,,,,,,,,
,0,0,0,,,,,,,,,
,0,0,0,,,,,,,,,
,0,0,0,,,,,,,,,
,0,0,0,,,,,,,,,
,0,0,0,,,,,,,,,
,0,0,0,,,,,,,,,
,0,0,0,,,,,,,,,
,0,0,0,,,,,,,,,
,0,0,0,,,,,,,,,
,0,0,0,,,,,,,,,
,0,0,0,,,,,,,,,
,0,0,0,,,,,,,,,
,0,0,0,,,,,,,,,
,0,0,0,,,,,,,,,
,0,0,0,,,,,,,,,
,0,0,0,,,,,,,,,
,0,0,0,,,,,,,,,
,0,0,0,,,,,,,,,
,0,0,0,,,,,,,,,
,0,0,0,,,,,,,,,
,0,0,0,,,,,,,,,
,0,0,0,,,,,,,,,
,0,0,0,,,,,,,,,
,0,0,0,,,,,,,,,
,0,0,0,,,,,,,,,
,0,0,0,,,,,,,,,
,0,0,0,,,,,,,,,
,0,0,0,,,,,,,,,
,0,0,0,,,,,,,,,
,0,0,0,,,,,,,,,
,0,0,0,,,,,,,,,
,0,0,0,,,,,,,,,
,0,0,0,,,,,,,,,
,0,0,0,,,,,,,,,
,0,0,0,,,,,,,,,
,0,0,0,,,,,,,,,
,0,0,0,,,,,,,,,
,0,0,0,,,,,,,,,
,0,0,0,,,,,,,,,
,0,0,0,,,,,,,,,
,0,0,0,,,,,,,,,
,0,0,0,,,,,,,,,
,0,0,0,,,,,,,,,
,0,0,0,,,,,,,,,
,0,0,0,,,,,,,,,
,0,0,0,,,,,,,,,
,0,0,0,,,,,,,,,
,0,0,0,,,,,,,,,
,0,0,0,,,,,,,,,
,0,0,0,,,,,,,,,
,0,0,0,,,,,,,,,
,0,0,0,,,,,,,,,
,0,0,0,,,,,,,,,
,0,0,0,,,,,,,,,
,0,0,0,,,,,,,,,
,0,0,0,,,,,,,,,
,0,0,0,,,,,,,,,
,0,0,0,,,,,,,,,
,0,0,0,,,,,,,,,
,0,0,0,,,,,,,,,
,0,0,0,,,,,,,,,
,0,0,0,,,,,,,,,
,0,,0,,,,,,,,,
,0,,0,,,,,,,,,
,0,,0,,,,,,,,,
,0,,0,,,,,,,,,
,0,,0,,,,,,,,,
,0,,0,,,,,,,,,
,0,,0,,,,,,,,,
,0,,0,,,,,,,,,
,0,,0,,,,,,,,,
,0,,0,,,,,,,,,
,0,,0,,,,,,,,,
,0,,0,,,,,,,,,
,0,,0,,,,,,,,,
,0,,0,,,,,,,,,
,0,,0,,,,,,,,,
,0,,0,,,,,,,,,
,0,,0,,,,,,,,,
,,,0,,,,,,,,,
,,,0,,,,,,,,,
,,,0,,,,,,,,,